logistic_regression,knn,decision_tree,random_forest,ada_boost,gradient_boost,xgboost,cat_boost,extra_trees,lgbm,voting
0.696576045712245,0.8410946539203218,0.9308185477858953,0.9351281346885915,0.9303365760930336,0.8566752004029043,0.9773838630806846,0.9953477902003451,0.9326217478318879,0.9382427283359113,0.9504268149424387
0.695837683264491,0.8378556701030928,0.9227989611171754,0.9343013568198049,0.924441425120773,0.8549242584970508,0.9774094063222821,0.9933619087357282,0.9319388321052214,0.9528330548382196,0.9483114000317108
0.6978734907190486,0.8464169448221864,0.9292511377741001,0.9344697720515361,0.9300244406843391,0.8711286199237248,0.9742837284732411,0.9937902309731163,0.932318909494373,0.9477069137125794,0.9507303592577971
0.6952883390940514,0.8365000206075092,0.9325821596244132,0.9340342278961306,0.9322072072072072,0.8831686456862908,0.9776754890678941,0.9941123188405797,0.9306273936905279,0.9455270830136566,0.9499842470069313
0.6926667265056997,0.8363113575682891,0.9288968556277541,0.9335011207676275,0.9286942222886615,0.8358983079670097,0.975967600198678,0.9929775808329265,0.9308067306180217,0.9465048325466398,0.9467111721971334
0.695365434998645,0.8394695659336133,0.9266609145815358,0.9319665967467448,0.927992799279928,0.8693167493066645,0.9752843647580489,0.9942122186495177,0.9304626588039736,0.9286538389966131,0.9493935922253388
0.6931812998859749,0.8399933676007296,0.9350786525331021,0.9359141827969757,0.9352040431470168,0.8742830828484113,0.9765914709517924,0.993850125275226,0.9311532523061088,0.9514945138100643,0.9527347454947833
0.694843312562088,0.8401287553648068,0.9294361682066755,0.9345735206807838,0.9303728276850001,0.8762008186450589,0.9746596212442628,0.9927267217213425,0.9299726548567353,0.9432693760386766,0.9504520510087251
0.6911395868484654,0.8399818114174694,0.9275898520084567,0.9325993980674798,0.9267739741555203,0.870142892955628,0.9771362586605082,0.9941715237302248,0.9326699048296015,0.9400838147015517,0.9509877370766138
0.6948167802735716,0.8400132494203378,0.9301781400966184,0.9366726296958855,0.9290916638363711,0.8758109360518999,0.9784717659335986,0.9932599672518183,0.9336990221798235,0.9485618627301782,0.9514139531194225
0.697315923104824,0.8414498371201189,0.9283041687138591,0.9332484177845003,0.9289927404718693,0.8792629033602936,0.9767244045777915,0.9945297067314998,0.9314916249900771,0.9542299183766878,0.9534047346164486
0.6948063537390683,0.8415971199476354,0.9323952051224779,0.9378624040119102,0.9320417287630403,0.8627401733015195,0.9762232415902141,0.993573119855677,0.9321181646763043,0.9549109491245209,0.9505858380030565
0.7006432459178625,0.8372227979274612,0.9281237097924407,0.9346164508336303,0.9300962116656645,0.8694997490379788,0.976683238910086,0.9940931465354031,0.9291663361624494,0.9380071886463853,0.9517573271271351
0.6940506040574425,0.834600523494952,0.9296566393193558,0.9319459394809233,0.9290866297168021,0.8673555819075047,0.9734197353614528,0.9949107481959741,0.9269227697468253,0.9428311471680947,0.9480798282579311
0.6940522816285637,0.8348814065350805,0.930359168241966,0.9335342639593909,0.9312774662827701,0.8510656364099516,0.9750986002629342,0.9930851063829788,0.9299074699177953,0.9462151394422311,0.9487128634326285
0.6944834140381048,0.8370447450572321,0.9281847983532819,0.9342158042519053,0.9286585365853659,0.8588804659728468,0.9762498053262731,0.9923751867887658,0.9322230673765963,0.9471091914829128,0.9478313012192685
0.6935173155324582,0.8387388870595983,0.9293638215983699,0.9334549492385786,0.9292235720214291,0.8638371261515164,0.9743827160493826,0.9950515619687984,0.9280988788971201,0.943102280424475,0.9495180913256439
0.6976785555456728,0.8403721083395078,0.9306789101309649,0.933312250464482,0.9312384612486343,0.8824405993873664,0.9757918639110189,0.9930397942200031,0.9284020862968232,0.962483336507332,0.9538413147754973
0.6942967834940085,0.8387337057728119,0.9309148502903688,0.9313632030505243,0.9320843091334895,0.8319280975818533,0.9761941448382127,0.994440031771247,0.9284637957014831,0.9500738782175908,0.9464880291739338
0.6943663249569083,0.840819706064997,0.932763898862391,0.9344756465175312,0.9340193704600485,0.857203443742313,0.9755152642181931,0.99559304004255,0.9283330684887969,0.9580258128004239,0.9527543463625202
0.6993738819320214,0.842344014186152,0.9299856960024092,0.9342782484757305,0.9298840186775117,0.8809731390376552,0.9749787628388293,0.9948504354411207,0.9295495923375288,0.9640228019177772,0.9531502423263327
0.6964333842422066,0.842135594615733,0.9331271451740656,0.9378396604387322,0.932865920313619,0.8760226557583385,0.976245744351594,0.9954473025267471,0.93160255646858,0.9529620005272473,0.9536722270535221
0.6994442452491934,0.8396864686468647,0.9295106054326941,0.9345424306023048,0.9284075091230578,0.8730132173331103,0.9766493556453164,0.9942165942165943,0.9316259584222591,0.9607925319108401,0.9502091059733291
0.6936863910654778,0.8379250434350956,0.9285064442759667,0.9329355608591885,0.9280297284999242,0.8595201892211523,0.9763907734056987,0.9950903901046623,0.9270953613378458,0.9398567476408838,0.9490676315057056
0.694564824846515,0.8431186998559967,0.9271297906115352,0.9303621169916436,0.9279303162279872,0.860688720403236,0.9752404496118043,0.994201250710631,0.9267342476644803,0.9532935939032672,0.9473725956771761
0.6967636660320914,0.8423180037121056,0.9321516122949275,0.9381251729727593,0.9321925294937997,0.8739636546352902,0.9773140096618358,0.9951793509204783,0.9346793349168645,0.9336516236595809,0.9547500592276712
0.7000537538075612,0.8401815282718019,0.9345598683718496,0.9323066043295485,0.9346444328123832,0.8467769152885589,0.9772692601067886,0.9937715743659011,0.9296957801766437,0.9663477771525043,0.9498042286609241
0.6990063233965672,0.8399043220059387,0.9323760478141563,0.938292076276205,0.931906103286385,0.86407028807975,0.9752805522347768,0.992725619458968,0.9337494568008533,0.9565053092997771,0.9507498026835043
0.6957770497688821,0.8382039074043671,0.9281995580358815,0.9332861857614333,0.929444402789233,0.8759250837226609,0.9751990202082058,0.9932739638522526,0.928523661539672,0.9391356814239383,0.9492176777381279
0.6924191649307128,0.8399320094523444,0.9327769347496206,0.9358135079035608,0.9318974670104655,0.8741090633039518,0.9769699794166764,0.9936203537456546,0.9293163383545772,0.940265572374279,0.9511146496815286
0.6934600588368409,0.8378066853285031,0.9250272730692548,0.9318712640038003,0.9248289859430203,0.8580721466587817,0.9763755290496343,0.9941378919102908,0.9296130893569932,0.951619018730568,0.9484413891193553
0.6944133327359885,0.8388501026694046,0.9314924982227709,0.9326839996858063,0.9315448312038667,0.8806764281295112,0.9763731440131302,0.9932090196225565,0.930790405033425,0.9479967171528763,0.951748388357101
0.697111491046522,0.8397597846344999,0.9283175803402647,0.9347757172293548,0.9277681334440335,0.8554537392846585,0.9766025517480631,0.9944320290898072,0.93274287295876,0.9300241036456764,0.9497193454027987
0.6912540490513651,0.837624584717608,0.9205687203791469,0.9358448488710128,0.9193591151850309,0.8529424297950313,0.9784896316929742,0.9940580482974023,0.9318109484404837,0.9505161708125405,0.9474606652061343
0.6899150887708305,0.8377471092875792,0.9257905250065954,0.9302897975387059,0.9248982053988841,0.872208906269711,0.976783648283841,0.9934392658045432,0.9287445853038191,0.9383587641387686,0.9480272540009508
0.6967620583098213,0.8389928772569157,0.9288828747556758,0.9334545167154035,0.9295785238936722,0.8620486491036109,0.975254394079556,0.9953150974761976,0.9284810126582278,0.9396456887068017,0.947926139733502
0.7005409240046112,0.8426809210526316,0.9291995490417136,0.9339540755937821,0.9293255682885592,0.8502305122023431,0.9753471020345371,0.9925903523363072,0.9327124195903548,0.9494695061445692,0.9470023317393195
0.6983941867767114,0.842079248702529,0.9317344560559356,0.9371957734773834,0.9307414648819371,0.8542815921242468,0.9758301158301158,0.9933609013999014,0.9332753577357894,0.9292921658289557,0.9505161979352081
0.7010961589876125,0.8422610483042137,0.9356323573800182,0.937596089407498,0.9344780840488025,0.8768873403019745,0.9785730742646493,0.9955434700506081,0.932691548962361,0.954947463905057,0.9555965607946291
0.6933381607530775,0.841930943115012,0.9270490251750899,0.9306985805733371,0.9270285606203896,0.8548853016142736,0.9767657275183327,0.9936963621174147,0.9319625277865989,0.9419457253004762,0.9482245586193216
0.691562556581568,0.8368629082587893,0.9306509774150693,0.9335889141807436,0.9308223859062951,0.8577738140739796,0.9748630482924746,0.9949733434881949,0.9283548747407052,0.952562683662176,0.949671772428884
0.696374483708123,0.8439354330055188,0.9329117299706655,0.9369520835835234,0.931574545731012,0.8634387520245503,0.9765755934053084,0.9933307780758912,0.9346790019624334,0.951199969476134,0.9519096460071037
0.6939344852411806,0.8415165720865203,0.9343273517401567,0.9368956943841509,0.9349675774954083,0.8781670708253199,0.9785210187173979,0.9954734062617879,0.9317221498242705,0.9133046573716997,0.9529092411188481
0.6944255454256815,0.83792403595245,0.9279058361942129,0.9337189493284734,0.9305419091527474,0.8581089648759458,0.9766509979193958,0.9935229726146737,0.929729301256391,0.9528545399331916,0.9475059382422801
0.694322551458946,0.8392215197719104,0.9350639521683191,0.9337714263093306,0.9341747279322853,0.8657321398412431,0.9773086258042147,0.992980991766893,0.9335232668566003,0.9555906221821461,0.9505474957504844
0.6995056339910034,0.8419932031281988,0.9298691588785047,0.934536183565405,0.9309041936328608,0.8473861720067454,0.9769236647054329,0.9941055002815845,0.9309464923644644,0.9357384441939122,0.9491140034498982
0.693927902407822,0.8406980134105202,0.9281150159744409,0.9338664534186326,0.9291470275201459,0.8514851485148516,0.9768869207163112,0.9932357549585356,0.9310744396052264,0.9379352567536542,0.9467413034786086
0.6945041174364484,0.8394373128819258,0.9331039898291142,0.933991846973973,0.93203738317757,0.8812806057363894,0.9764445799664583,0.9945330637309969,0.9286836317939052,0.9426503131915531,0.9504238777981794
0.6963029352453507,0.8431316317751649,0.9315324055072572,0.9361049984281673,0.9327156573392611,0.8838071693448702,0.9759460701700627,0.995077223704483,0.9313055097068301,0.9548622758954863,0.954090411387455
0.6893269884432359,0.8388822585291575,0.928295083198738,0.934919192318331,0.9281497913298492,0.8782601449879177,0.9773363500402654,0.9944593117485205,0.932465483234714,0.921494478898805,0.949328713728887
0.6955656108597285,0.8380466951660638,0.9251048079465195,0.93259983377528,0.9241228235827321,0.872969596001666,0.975902686888906,0.9928024850367452,0.9287690726539647,0.9315904467716416,0.9492421850331544
0.6926710757187204,0.8407342586185844,0.9337750809663851,0.9321589352123703,0.93329358276813,0.8654494031526848,0.9763216905476797,0.9920676494799072,0.9296832225263981,0.9556992784777001,0.9503137056233195
0.693276355866709,0.8378221113881962,0.9352172753932284,0.9342220803065379,0.9355477677891209,0.8805945083550255,0.9761877015110905,0.9920844327176781,0.9291911558914077,0.9171101552817672,0.9537948555096857
0.6957579032693867,0.8365781224220425,0.9331224582015364,0.9339019189765458,0.931397622987814,0.8641374973800042,0.9750192159877018,0.993549360594515,0.930350225314254,0.9549151144923733,0.950721673811303
0.7000491356590879,0.8408119658119658,0.9327882379416398,0.9372592184920199,0.9309737167710248,0.8544485791610285,0.976508521418701,0.9950278740394757,0.9320304188502305,0.9565217391304348,0.9505293399976386
0.6927621195039458,0.8379137657261513,0.9238230246959636,0.9349794238683128,0.9227215142708101,0.8697487686767932,0.977696721000038,0.9931529913570547,0.9311601300787525,0.9420252128965081,0.9493987193503045
0.7001216271003198,0.8361685313812752,0.9295066991473813,0.9345009596928983,0.9296654728339557,0.8646044624746452,0.9777449799976696,0.9946123571892552,0.929180511629769,0.9528200399569693,0.9515544763345408
0.6986239769763468,0.8421443912109698,0.9161187939242802,0.9336825812596737,0.915863840719332,0.8756870148940633,0.9769706336939723,0.994418074805392,0.9316632313302678,0.9349929793935715,0.9478405843124802
0.695364238410596,0.8380568466949118,0.9259996245541581,0.9348392701998263,0.9248884388945138,0.8807331805873777,0.9764547724217398,0.9942275042444821,0.9316040525091654,0.9454807400667273,0.9503663436539826
0.6972003261755911,0.8394442617560014,0.9317085934287743,0.9337638812317871,0.9316389459914035,0.8674958540630182,0.9765924788948581,0.9957088007227282,0.9324058791165606,0.9442069912990384,0.9528142773092764
0.6870673952641165,0.8352877802179587,0.9220637489180747,0.9323558549633446,0.9231058469637151,0.8730704697986578,0.9755196304849884,0.9932296985513823,0.9278489548213082,0.9430592864439483,0.9486662714878483
0.6933765007419398,0.8380897154454707,0.9289259927797834,0.9310659214333848,0.9284827508370641,0.8848721031466357,0.9749470848566482,0.9935420521923034,0.9278415841584159,0.9369376210182618,0.9505574597171336
0.694475863005022,0.8393979490572279,0.9353871836703722,0.9359770664118491,0.9341780795933079,0.859898865423023,0.9769878536225697,0.9940096913274066,0.9328286852589641,0.9483082346629881,0.9501214123641575
0.6974027141188099,0.8392282958199357,0.9226782830748432,0.9345425867507887,0.9215193670553827,0.8580921938088829,0.9766995508809643,0.9947608458030229,0.9310712172026041,0.9519391634980988,0.9467740661770513
0.694101008257676,0.839174308085249,0.9275948980371191,0.9327343467971602,0.9278578509875696,0.8690288825556169,0.9759238303351934,0.9929023594859007,0.9282331219394717,0.92644010793477,0.9463884430176565
0.7009799514519465,0.836791090946587,0.9334088762983946,0.9327727759489152,0.9332325713206122,0.8791401806624289,0.9759050079031574,0.9931410815112357,0.9293161546085232,0.9331968456172278,0.9495452748121788
0.6915171729919769,0.8357104245498773,0.9282373074729036,0.9334769942934674,0.928416650826839,0.8653275701330623,0.9754187344913151,0.9939855348306053,0.9300598802395209,0.9210668311107686,0.9475947754061803
0.696857837399838,0.8368145676265811,0.9355554719536511,0.9327166350411132,0.9363064522204225,0.859245474538995,0.9751289751289751,0.9925421162218436,0.9282633640644166,0.9481050003782434,0.9473434535104365
0.6966749604161955,0.8390119600509639,0.9304965605382852,0.9333122379558579,0.9298740364730214,0.865749505658631,0.9758235000192181,0.9939599848999623,0.9292273590880304,0.9477749034604281,0.9497299215392502
0.6913837646738883,0.8384522671543161,0.9311475409836066,0.931779966370406,0.9313180537577096,0.8727825646224024,0.9763173245187633,0.9941162986169481,0.9301040832666134,0.9483094555873924,0.9513186200302765
0.6987973596166018,0.8397244355909693,0.9288045540796964,0.9347142003584943,0.9279641718536512,0.8782984435960901,0.9757366357389651,0.9934745277618774,0.9308296455766855,0.9505613701236918,0.9530536926068494
0.6976660682226212,0.8433944308825355,0.9254893070354416,0.9337040714995033,0.9252456538170825,0.884717607973422,0.9771304952483968,0.9937689969604864,0.9276940811702509,0.9466343238326259,0.952136075949367
0.6909256725946193,0.840046604527297,0.9210696489025828,0.9350150150150149,0.9219885131794149,0.8808913180575992,0.9763195880310537,0.99428965622964,0.9329116964214234,0.9493034939483902,0.9521792976708882
0.6999409600799311,0.8458754523898665,0.9292982989064398,0.9350711658403966,0.9286988198687056,0.875468835602006,0.9754405114610947,0.9945330121955882,0.9331737482545381,0.9519517225574822,0.9530292174189953
0.6929119638826184,0.8353970612514445,0.9244978411864089,0.9339287125582865,0.9258035446079904,0.8684997263042655,0.9743826803806002,0.992507946117754,0.9278986941036802,0.9492387714036219,0.9485569900114493
0.6931228861330327,0.838292260776395,0.9361526016780165,0.9343186847929181,0.9346771464029183,0.8510404330908475,0.9764882441220609,0.9958465488596888,0.9293504030346135,0.9506135887458845,0.9513445311883921
0.69877901516168,0.8421268564864199,0.9322667464114832,0.9316706659848157,0.9321310984735109,0.8712904301433811,0.9774275001912923,0.9940552336518926,0.9324950884086444,0.926148449453297,0.9494481322911348
0.6943338160753078,0.837263367651943,0.9231292774227702,0.9329404268875439,0.9235076038435348,0.8770811490878591,0.9769927957239136,0.9939453943109554,0.9287107431437329,0.94890455613676,0.9504069882866786
0.6936332958380202,0.8408354191457059,0.9308392997713385,0.9326805385556917,0.9316826111423748,0.8774798705071802,0.9758828265787355,0.9922299336149668,0.9331496062992126,0.9492326741960901,0.9519924694069658
0.694223975776483,0.8393963330977424,0.9273853402743474,0.9357461734693878,0.9274867122247532,0.8655754388940717,0.9780138818876264,0.9927777140891896,0.9319405127387265,0.9414699673767032,0.9501772272890199
0.6933452834416312,0.8420448959528101,0.926472792684755,0.9354317043347927,0.9254681647940074,0.8399491094147583,0.9746231928637342,0.9947229551451187,0.9341463414634146,0.9543471720818292,0.9479659413434248
0.6922558922558922,0.8417959183673469,0.9301648884578081,0.936608682024761,0.931244170863645,0.8644569522618303,0.9758774436949813,0.9932212276693757,0.9320433982217696,0.9561514902517367,0.9504471084384396
0.6974755883544077,0.8429200807016098,0.9320680825425516,0.935180055401662,0.9336299871785202,0.8798902423814078,0.976530887510116,0.9935219911353562,0.9321832713460473,0.9531515861912504,0.9540388326572409
0.6903872437357631,0.833851124642724,0.9353915662650604,0.9303930512037442,0.9353177735182471,0.861577287066246,0.9775159775159774,0.9947786606129398,0.9303137270455717,0.9327068808729917,0.9484886849184998
0.6958011996572407,0.8397003128602009,0.9314821085901344,0.9356148720577219,0.9317335539925528,0.8714101121253803,0.9761575142285802,0.9943353474320241,0.930186668771459,0.9417681904549011,0.954408010995484
0.6941118435804298,0.8398078356663631,0.928722760290557,0.9350577220613322,0.9297383149296626,0.8793552178658383,0.9774035304569508,0.993387550353424,0.9314753057011275,0.9387290258902133,0.9509404078400316
0.6927740602685588,0.8387176733041395,0.9212016001207638,0.9338351822503962,0.9231583724096203,0.869466515323496,0.9755721066646086,0.9925644916540213,0.9326732673267326,0.944633280459249,0.9492182861666336
0.6952904870521938,0.8404771698889346,0.9287084759790828,0.9347559770796284,0.9293901018375859,0.8634353813113236,0.9751792183766284,0.9943289224952742,0.9283821726578874,0.9483301110732021,0.9492796526544306
0.6928561696716473,0.8393299224294438,0.9305649590009779,0.9340785666151347,0.9304442688936538,0.881995841995842,0.9771710627795774,0.9939747622115276,0.9308719248900685,0.9227616528186595,0.953803705163579
0.6933224534203725,0.8365931647356838,0.9328355394652488,0.9352808455052845,0.9315688270557629,0.8723226238286479,0.9773358001850139,0.9946965679218123,0.9319657848883257,0.9410677997413633,0.9530868091145629
0.6986690728626214,0.8388328560162703,0.9292156119742326,0.9350027912911715,0.9305181759599712,0.8739156068390466,0.9772771411924646,0.9936967566948084,0.9334608335325524,0.9490272960337807,0.9531870926720712
0.6952782008780574,0.8378122556483806,0.9303094022228897,0.9348710454599313,0.9313935566332093,0.877491451922275,0.9788067265607002,0.9934932284179466,0.9305764212856803,0.9480947867298578,0.9527146738060553
0.6988784208165095,0.8390054518420619,0.9315815379955321,0.9336191837382881,0.9314104019986372,0.8715312604480108,0.9750058036059739,0.9954514441664771,0.9298336179168487,0.948670283394666,0.9513902622315389
0.6962145538419791,0.8383391861185705,0.9337503768465483,0.9372282393865128,0.9337803224348351,0.8558456299659478,0.9757055403688447,0.9927714491163002,0.9327850703779851,0.9407681110737878,0.9517469571040296
0.6975489093771082,0.8378769701733338,0.9357099788965935,0.9357238977281722,0.9353125117733488,0.8664090068895983,0.9751766204686715,0.9909156562393098,0.9328370030096625,0.9426303854875283,0.9495197058939795
0.6961818181818181,0.8408425738901026,0.9355081178592906,0.9350905575504085,0.9352474726596265,0.8643326039387308,0.9761291562560062,0.9933854934421893,0.9314247407232147,0.9612232508726665,0.9494344381823198
0.6908267270668176,0.8336911643270025,0.9309093657872856,0.9356270810210876,0.9302413415417154,0.855718450293633,0.9760234368976949,0.9944362438969003,0.9284693553509049,0.9414961878161093,0.9475934135528816
0.6890946037480243,0.8334509820205124,0.9190642035130223,0.9333864541832669,0.9192716236722306,0.8609024152128698,0.9767675596273532,0.9944931829402606,0.9294609110801672,0.9365846235781945,0.9450707030472018
0.6986177613153853,0.8392440892440892,0.9308933848601955,0.9365861411315958,0.9314041134805499,0.8755958658510862,0.9776362789252989,0.9935015290519877,0.933640443191295,0.9489581341999618,0.9526460180509722
0.6959312839059674,0.8417007561671005,0.9288457194488368,0.9336025656253713,0.9302605814128634,0.8718248663101604,0.9760363692402527,0.9939439818319454,0.9281154593394394,0.9277866181707964,0.9495396530604181
0.702087457261112,0.8426140118968936,0.9354302132163921,0.9372796069574864,0.9358630333723874,0.882414151925078,0.9783372591419855,0.9925784966698382,0.9321134347275032,0.9262241899164154,0.9541755550288378
0.6948557889460973,0.8378231633462807,0.9294640483154176,0.9340834729869923,0.9293267402054013,0.8799966373838847,0.9765959101158541,0.994846738176127,0.9320760747962282,0.9360243716679361,0.9521158129175946
0.6942728928777713,0.8377532531708121,0.924568152674059,0.9310344827586207,0.9237897909210774,0.8640655025482495,0.9759569147913061,0.9935006045949214,0.9292865339717462,0.9412962334577537,0.9480539985789848
0.6950992414952082,0.8378478971093006,0.9323177201758375,0.935583796664019,0.9300723128762353,0.8694774046957839,0.9753244237846214,0.9939882809527433,0.931009787538792,0.9483954569708057,0.9507039460638509
0.6941500157863876,0.8409053497942386,0.9290876242095754,0.9360658332014559,0.9268770238722795,0.8597285067873304,0.9774378291117346,0.993685006617508,0.9295384371783708,0.9547525053143031,0.9472477064220183
0.6947320617620344,0.8396409810977374,0.9322425481952809,0.9336661911554922,0.9317898081943026,0.8459844120637073,0.9777966232364506,0.995682799363781,0.9305143128637605,0.9525593944390316,0.9482943064305241
0.6881043605181537,0.8340138321806516,0.9316411445073526,0.930623349603905,0.9326495726495726,0.8605777400169923,0.9769499417927824,0.991935175629706,0.9259170462718773,0.9548649790650329,0.9481788805999921
0.6990300022558087,0.8443326183798052,0.9348047923201934,0.9353994927076729,0.9345667358882387,0.8595636517686931,0.9755304320892055,0.9932278192056004,0.9320919175911252,0.9394665753528897,0.9512591711282967
0.6974047737669278,0.8406311962987443,0.9331070889894418,0.9326923076923077,0.9344955097728473,0.8652142887125887,0.9748417965735452,0.9932189263931508,0.9317227722772278,0.9551184690157958,0.9509633607075173
0.6946758420862006,0.8405688933117719,0.9241587901701324,0.9345853891453129,0.9252951861943687,0.8779427137779637,0.9762410662545876,0.993886462882096,0.9268953428150273,0.9335737902013825,0.9492184400539553
0.6946150422785936,0.8406175966015849,0.9318394724022933,0.9341322055137844,0.9306856500562007,0.8305229092147846,0.9770066730219257,0.9939652910528881,0.9319232275754016,0.9134477825464951,0.9477026815116827
0.696908147145114,0.840307641415812,0.9327245972154096,0.9366356251238359,0.9339223682223229,0.8726832526298213,0.9776542781058238,0.9951071496301915,0.9337031900138697,0.9182437547312641,0.952155001977066
0.6983997830214266,0.8434512725015519,0.9308510638297871,0.9378991060025542,0.9305312761267766,0.8804740690930487,0.9773938757246801,0.9941847119136888,0.9327425857182773,0.9545125804118612,0.9551289694368268
0.6871977370198011,0.8411757389826292,0.9277031349968011,0.9321548017200191,0.9285391566265061,0.8704562705574767,0.9757381109004373,0.9932319391634981,0.9333756596960437,0.9297181863249818,0.9497184550717742
0.6960565143521417,0.8395588174996924,0.9344102909281281,0.9332022029897719,0.9334975369458127,0.8604777642973684,0.9742096187009006,0.9946676680435599,0.9290175590210944,0.951137859695317,0.9501176470588235
0.6890609962879796,0.8353313353313353,0.932687578039275,0.9336777270017882,0.9312365327184062,0.8525302436530925,0.976442736833935,0.9939745252078408,0.9293597354476274,0.9563025210084034,0.9514123395971554
0.6939680528530703,0.838499049508224,0.9333182895182219,0.936450886685888,0.9325361010830325,0.8619832272746429,0.9767120129121513,0.9952452830188679,0.9337492103600757,0.9258375922771154,0.9503568471274791
0.6986725663716814,0.8427361025005167,0.9294291450433728,0.9353699662765325,0.9292982787970495,0.8583181374835674,0.9740471025720483,0.9948009563204433,0.9310194194035185,0.91287763198047,0.9459910913140311
0.6930872240318494,0.8374616850302379,0.9327823482579519,0.9343767379041868,0.93319210108194,0.8849058169446519,0.9767801259513966,0.9941915644812269,0.9309988883595363,0.9490407219231061,0.9533633704845466
0.6919624643002855,0.8416304572729154,0.9226533921635177,0.9355388948391449,0.9242618741976893,0.871911055170967,0.9770163618864293,0.9934848484848484,0.9305092812946216,0.9449732640600704,0.9480267585005739
0.6890243902439025,0.8429121915225055,0.9291143980527992,0.9339248557182679,0.929426732525071,0.8491098110189824,0.9763411173741325,0.9940489642184557,0.9320022010848203,0.9291444349091452,0.9486896985913276
0.6869175954686644,0.8380220597347875,0.9272275737507525,0.9308693759645443,0.9268035808320169,0.870321582402877,0.9757729580064606,0.9923583263978211,0.9267328298604247,0.9401567681640037,0.9466276587332966
0.6948670488916978,0.8413678756476685,0.9299324375616793,0.9344131492858853,0.9291780406430088,0.861982593929102,0.9742832724730013,0.9941738699973345,0.9294112957869984,0.9296206803973458,0.9467894296305153
0.6950488804793441,0.8392406633855827,0.931807019532283,0.9344587097796798,0.9325575244644275,0.8645357686453577,0.9772402333938714,0.9938846051582026,0.929907469917795,0.9467140984834301,0.9514301560890578
0.696699986306997,0.8399168399168399,0.9338087471076888,0.9349706949483674,0.9325659762977547,0.8828783494779218,0.9792006208769888,0.9941878250229429,0.9327583453122504,0.9513051442527859,0.9532182353409182
0.6912669126691265,0.83573631135928,0.92933895280404,0.9365180636414385,0.9295475250531431,0.8531617521731719,0.9765546153248972,0.9933577645442052,0.9291734909918907,0.9527625152625152,0.9488824255946452
0.6987205387205387,0.8385131519367719,0.9314655821659888,0.9328635895811892,0.9320922520349713,0.8528665651953323,0.9771966929436647,0.9937982150960522,0.9285148828372387,0.9235726060242769,0.9460005546531436
0.7022550299320339,0.8442458283793204,0.936109225314928,0.9377733990147783,0.9359196920522304,0.8731262038355246,0.9783436550371197,0.9943943640633285,0.9350925561244584,0.9575441382178367,0.9542895389582267
0.697707800654914,0.8380238163912811,0.9290841444624,0.9365129500947568,0.929068673565381,0.8770628438073012,0.9789013349700781,0.9947121921740444,0.9337599241616306,0.9532260490299295,0.9521523569685999
0.7001074883554281,0.8439502294241661,0.933072053059994,0.9366347599082351,0.9329413095103471,0.8819652986319652,0.9768248949215286,0.9941609160536893,0.9316100384569638,0.9311113630351812,0.9502373417721519
0.702925459650394,0.8408092197993533,0.9390285649081436,0.9355956506153662,0.9385364369389928,0.8425878320479863,0.976874344125306,0.9946920227593844,0.9319359209372758,0.9328175271947295,0.9504879506074488
0.7004558378841901,0.8439660525771062,0.9324724648689707,0.9336517412935323,0.9321081409477522,0.86726563824377,0.9765909619409348,0.9956647398843931,0.930599243479992,0.948333773634751,0.950447049473475
0.6945584299732381,0.8363261093911248,0.9272645132143663,0.9330328905755851,0.9270457280385078,0.8565274316847572,0.9754051037296485,0.9936488734311205,0.9263266357547655,0.9276466108149277,0.9481586850007903
0.6882922175275998,0.8373447045799336,0.9237379964876883,0.9314627053367917,0.9248550589115391,0.8743377483443708,0.9764499657038335,0.9935537066186941,0.9278496441630951,0.9573385225656762,0.9485052433870715
0.6973291081937528,0.838527851458886,0.9214939886179475,0.9357485433429783,0.9204913708644208,0.8660522661280141,0.9764733107065721,0.9953439073323996,0.9312085204466876,0.9554154640741304,0.9490693069306931
0.6915162454873647,0.8393675432440243,0.9245731086735269,0.9349448986846783,0.9244045824540248,0.8653030366668066,0.9761465066174208,0.9929614773329297,0.9303594732471231,0.9284202569916855,0.9487149117612222
0.6940700808625337,0.8402780634280779,0.9293940534437336,0.9329270705551819,0.931553343138364,0.8695652173913044,0.9755122438780609,0.9938437134116404,0.9276050320436744,0.9376226261429682,0.9485308617629657
0.692809860762383,0.8417296041165242,0.9267998036920986,0.9343361986628462,0.9278140447530281,0.8737304075235109,0.9760080489126228,0.9945284596093928,0.931190836051229,0.9461036992116434,0.9512533164376509
0.6940843527478546,0.8404406242176417,0.9308843745226822,0.93530662174628,0.9290617848970252,0.8810147991543341,0.9773695524721516,0.9937300457745125,0.9299189210885446,0.9519182571814151,0.953321867125315
0.6933321212672151,0.8380526577247889,0.9324800242359981,0.9340226685225691,0.9341163099071793,0.8635517183003216,0.9765124005253806,0.993046319869286,0.9292141094036149,0.9454282891236604,0.948954904216079
0.6942907274935888,0.8400942811065626,0.9276849371911426,0.9290030211480362,0.9317426759287224,0.8505961726142487,0.9748165314793356,0.9939752188245992,0.9264495631453534,0.9584971273057151,0.9471264367816092
0.6950810883259617,0.839965575181345,0.9329450418160095,0.9340758461116122,0.9334979054458409,0.8661174904310202,0.9759059146970102,0.9944511097780444,0.9334064986477482,0.9490503466988244,0.9513796607519738
0.6932842851374994,0.8390553517701851,0.9282091738983433,0.9335495609524563,0.9281374240492085,0.8838985513262214,0.9745188606620477,0.9941493979541766,0.9272871287128712,0.9539639065020823,0.9508893436171887
0.6978941684665229,0.8401538713373711,0.9286009079653322,0.9336222178451843,0.9278620948098182,0.8701856874608804,0.9774735151260182,0.9946978528184109,0.9300512012603387,0.9200397044226315,0.9488781484537703
0.6908410873928116,0.8368403473613893,0.9292913866829566,0.9315540594694237,0.9291657125410274,0.8630655940067254,0.9770065751079642,0.9944155446756425,0.9257519174396659,0.9504457965025065,0.946014187808104
0.6929967426710096,0.8356243789334216,0.9201191239114864,0.9337130200917577,0.920871992155088,0.8686367648913363,0.976647558958181,0.9945602901178604,0.9273441530098012,0.9383758735378752,0.9465515876158048
0.6977867203219316,0.8367715952987591,0.9205695016860248,0.9337477378235897,0.9187813459091249,0.8621495327102804,0.9779389312977099,0.9957622351396963,0.9321547829503044,0.9579477920710149,0.9483767125976524
0.6912790959434515,0.8401943026510785,0.9342253627001429,0.9344236390929921,0.934872527637813,0.8731526580908371,0.9771986970684039,0.9954454774720518,0.9314333083330044,0.9467820403312661,0.9533333333333334
0.6986950828554658,0.8400509470397304,0.9301416707376648,0.934427523080565,0.9302552552552552,0.8590304662514728,0.9767513118081889,0.9925685616205816,0.9316333780689982,0.9577903575092132,0.947816155330629
0.6957386235256903,0.8406759955155089,0.9199406686190241,0.9343398034986821,0.9204199634814363,0.8655089364938523,0.9763117974250262,0.9935375320255438,0.9303421021116922,0.9468657621465929,0.949191778088206
0.6891793754538853,0.8427454387489139,0.9203419320674787,0.9347046161205453,0.9188943925587023,0.8639213692594475,0.9760962359332558,0.9936315448270602,0.9301308307153935,0.954286370070005,0.949723339039051
0.6834866648081034,0.8369220634855284,0.9325775208348975,0.933637903194045,0.9319034048297585,0.8398730158730159,0.9751609935602576,0.9944323226243322,0.9282557221783742,0.9377821245862172,0.9467837869775869
0.6902799166591177,0.8384808873860872,0.9313695946963989,0.9317533291058973,0.9313799337149745,0.8629917271652878,0.9758465272159944,0.9942152822412946,0.9272619283310236,0.930709555345317,0.9476516440470066
0.697680690399137,0.8439215686274509,0.9271458215431051,0.9354889839911238,0.9282936223237549,0.8484951538853938,0.9762107051826677,0.9923275600121543,0.931642559936596,0.94583348952281,0.9495581883742124
0.6952944898973917,0.8379995015369278,0.9311415801833195,0.9335247437891294,0.92944959334216,0.86512370311253,0.9758424134320833,0.9946304124300239,0.9326115511682521,0.9379273666616016,0.9487709808288919
0.6985585585585585,0.8412822517591869,0.9359186746987951,0.9362812957323103,0.9363674038352862,0.874359294911864,0.9763397837879428,0.9948264793625619,0.932275633435946,0.9450911318731812,0.9511531638083974
0.6890756302521008,0.8380272927122652,0.9297653792214683,0.93068597803597,0.928168854257291,0.8614200532837146,0.9747398553247456,0.9936605549861444,0.9273667462211616,0.9521049420378279,0.9480241231550548
0.6954319312528268,0.8388562928683581,0.925765507890475,0.934485355316872,0.9248137277037707,0.8689510195501365,0.978752833595881,0.9951249007974,0.927822772748928,0.9417880995749848,0.9478016542007993
0.6964142717323605,0.8408663669799755,0.927613543750463,0.9361602436453086,0.9259012510178399,0.8830009418895123,0.9760765550239235,0.9922642849134871,0.9315378610460578,0.9555299624772449,0.9533457537649435
0.6959113760733194,0.8355638975028562,0.9351037965214138,0.9328943242395736,0.9344348086124402,0.8568196103079825,0.9757956927768249,0.9922788605697151,0.9280358054257783,0.9465282721924532,0.9483817947012093
0.6962172821799929,0.8424087651371611,0.9214770158251696,0.9359718766046531,0.920224592078984,0.8631303761173891,0.9758781210325856,0.9937667636281213,0.9293968656007598,0.9597646970096911,0.9481668773704172
0.6966689326988443,0.8367533438564427,0.9313514126858051,0.9346413047812736,0.9323792215659549,0.8721353065539111,0.9772391827856755,0.9952704248989244,0.9300454147079914,0.9522863582534286,0.9517823042647995
0.6980126467931346,0.8382310032929015,0.9321304860873206,0.9356641123882502,0.9320905459387483,0.8572407883461868,0.9774202324044927,0.9945371891355006,0.9321288672156047,0.9576564580559255,0.9532903636508315
0.6901605971499659,0.8397178246247232,0.9226796407185629,0.9330655957161982,0.9231576579953519,0.8665578026211113,0.9758154152772988,0.992991710625471,0.9301501004609385,0.9425304936336175,0.9458085366334292
0.6922144940542966,0.8376763485477179,0.9294224785611293,0.9333651589290687,0.9280090840272521,0.8740150880134115,0.9768593762092717,0.9936814859926918,0.92864241701451,0.9451798725823066,0.9496688216396303
0.6971299435028248,0.8401781296387928,0.9220833175964044,0.9357210626185958,0.921811320754717,0.8624331944619786,0.976308794637698,0.9938264591144945,0.9307549333649702,0.9444126947841659,0.9481434565750931
0.6866798655555044,0.839255074283323,0.9301350011440775,0.9335581516720863,0.9288734808945102,0.8495521613084679,0.9748535728231159,0.9941372571559949,0.9292046047089969,0.9536973047684866,0.9474991984610452
0.6946259985475671,0.838471023427867,0.931254216957793,0.9353504313910886,0.9331128814068841,0.8516811165151196,0.9784349025165665,0.995328511151296,0.930124468252718,0.9434332014320709,0.9494313486285467
0.6887851306455957,0.837281744405279,0.9251012145748988,0.9340793569486583,0.9239932571642631,0.8469984434815532,0.9768048153970018,0.9942723641570578,0.9287461532391699,0.9404362416107381,0.9482351087299086
0.6945204864695058,0.8394262295081968,0.9209984656262865,0.9321448205450404,0.920749063670412,0.8775661637397971,0.9757589661237287,0.9925162649016586,0.9312821317844667,0.9557755278708269,0.9493452520975457
0.6939479176118319,0.8328519402235339,0.9271110435509614,0.9320046424140553,0.9288076323691512,0.8515190415062046,0.9774226084257894,0.9939713064713065,0.9278705594937723,0.9236585831582967,0.946994208108648
0.6912969129691297,0.8403946604759142,0.926254358041534,0.9318905155951622,0.9266128114688815,0.8693973476582173,0.9758304652152056,0.9936150805716023,0.9267458961007988,0.9519000797236248,0.9480328714915242
0.6965742251223491,0.8356725872562415,0.9287062910656295,0.9335507217560742,0.9278186968838528,0.8721295018195506,0.9771446220369084,0.9927012848779745,0.9304527731359912,0.9416890842268784,0.9508430301591071
0.6933575153026525,0.8371517027863776,0.9328816111424808,0.9351338507840964,0.9340120663650074,0.8739179525780956,0.9746835443037974,0.9935210093585422,0.9310700404537161,0.9320680825425516,0.9508093170153968
0.6974558271950834,0.8403312868268162,0.9322397381391323,0.9348220626528843,0.9308852853756725,0.8782272481603126,0.9777010170792554,0.994186924354522,0.9300583504179151,0.9429261663898535,0.9533084625957197
0.6918874994356915,0.8343110308897732,0.9345144651267099,0.933034309096632,0.9344335747890374,0.876225946617008,0.9762159681859895,0.9928917973598104,0.9333228680193085,0.9595586864959558,0.9537764232407299
0.6916771752837327,0.8366783432928087,0.9328821206993796,0.9356036662452593,0.9335990374492404,0.8623474968447622,0.9764669691609628,0.993879401541484,0.928950495049505,0.9380524454920447,0.9508919781042019
0.695509758427733,0.8408183427324744,0.9298238998453938,0.9398514068921909,0.9297875546180503,0.8702578075875078,0.9792965442930809,0.9947703501591632,0.9363298838770834,0.9461886792452829,0.9525125330596454
0.6980649216540206,0.8375962254780233,0.9260603311408482,0.9354761904761906,0.9255536240646965,0.8775356874530429,0.9780198555259397,0.9940342744233766,0.9337194081948357,0.929289862223403,0.9512233747723494
0.6975240288789476,0.8392710556558857,0.9303913842920936,0.9322114245081774,0.9327475498479217,0.86282722513089,0.9747098162810361,0.9940431307495098,0.926567069796854,0.9167787240400419,0.9482643130146972
0.7000845835373726,0.838110950711487,0.925839482005722,0.9358832807570977,0.9265038444142921,0.8363914373088684,0.9771419805169901,0.9925226586102719,0.9290715613750543,0.942730944920533,0.945592476984472
0.6976513546409413,0.8393469725149826,0.9292486684546519,0.9361752892989224,0.9304364254675987,0.8624857852840837,0.9762089274643521,0.9947520535442653,0.9313499323840586,0.9440559440559441,0.9534175010883762
0.6960003599226167,0.8404983909563497,0.9316027088036117,0.9334967578681006,0.9318721048469101,0.8617439452216915,0.9770123779503344,0.9942559141410324,0.9279036602757091,0.9335487021524361,0.948478862109838
0.6905590455100105,0.8387656463006568,0.9268826124665335,0.933707776283522,0.9264611553409048,0.8647606271484867,0.9761015970752357,0.9934556459239645,0.930078217587106,0.9319537799259875,0.9490843069150616
0.6963315522428271,0.8398488830486202,0.9336283185840708,0.9361618232719531,0.9322733068326708,0.878988310661841,0.9740944609107356,0.9929024463908184,0.9313296256853232,0.9240733807562712,0.9507809733642837
0.6995644560190382,0.8403765603616307,0.9295518313490558,0.9332697428560074,0.9307283763277694,0.865219415174982,0.9765461723043579,0.9941413680286083,0.9306781143175133,0.9641088165815744,0.949567151139703
0.692617206926172,0.8387657900186374,0.9339140314334407,0.935446708775275,0.9336614918591443,0.8682877406281662,0.9763663791436198,0.992695731568135,0.9328044426814756,0.9577177404118646,0.9505908478071219
0.6954360596475373,0.8377214770657394,0.9247839378042798,0.9344041778762462,0.9261638452237001,0.8677150786308974,0.9751147806628342,0.9929852500663557,0.9289907965725166,0.9239449506309327,0.94713481810256
0.6956284897180989,0.8415608060578474,0.9289737289737289,0.9342461391498169,0.9296774680867135,0.8577745652451209,0.9778791863253152,0.994255278676051,0.9304936305732484,0.9466957371626192,0.950361369231991
0.7059829829379193,0.8394592136271551,0.9316962599168871,0.9333756596960437,0.9316497807349161,0.8523920901552201,0.9741606065294754,0.9940092515356034,0.9319849296053937,0.9534231847329417,0.9497051956788414
0.697451653714079,0.83922510141568,0.92624810892587,0.9331580624601656,0.9252163397951857,0.8624266643992858,0.9777657476509027,0.9946003498364894,0.9301900294187803,0.9150297452014817,0.948197034150996
0.6947556349029235,0.8409911388250738,0.9305285222338675,0.9343031256143111,0.9307700938773983,0.8799503927242663,0.9778948574046501,0.9951966376463525,0.9313690826949518,0.9493056339618382,0.9540036734534371
0.6951491687542702,0.83709294083309,0.9286095238095238,0.9340628619353808,0.9282478778881657,0.8752158349126131,0.9789134402547475,0.9941493633130665,0.9290740444586598,0.9335943382020779,0.9536086575952892
0.6968175747248192,0.8389625552497707,0.9302042524057662,0.9371698415239316,0.9304678585013313,0.8732501264968797,0.9762137249541069,0.9929306900261258,0.9333972591793519,0.9372358984299283,0.9532590907276575
0.690872690872691,0.8357133987333912,0.9314468968119223,0.9342094846013775,0.9309082676125429,0.878006012024048,0.9739848695383666,0.992877708743749,0.9256159003451422,0.9012140864188222,0.9504044190175578
0.6949300298233541,0.8394669785705333,0.932271826908426,0.9343855151418042,0.9305280779181251,0.8819003573680891,0.9771152798318673,0.9945681279167623,0.9339671633443856,0.9417383723134074,0.9524720130672085
0.696157484571377,0.8358705598535896,0.9299111549851926,0.9342681858019282,0.9292844942114253,0.8778455712181781,0.9776350410153227,0.9943679123220945,0.9248504188272837,0.9284177515224445,0.9493721189000158
0.6881214970168144,0.8403035552256041,0.9293680297397768,0.9346045812398625,0.9281605954663359,0.8560047461649292,0.9762868710237131,0.9945090316961412,0.9309321195329507,0.9150497188186659,0.9487757604525138
0.6924441613974436,0.8373711020002486,0.9228215767634854,0.9350866041633561,0.9226771119731836,0.8491162155238665,0.9772218361516485,0.9928549711158408,0.9304434281169219,0.9516620921012504,0.9472722215599794
0.7001220670012208,0.8375538905864133,0.9272290626310373,0.933344060501227,0.9272824183354907,0.862873970381119,0.9767587448157132,0.9941947637537965,0.9312645711070021,0.9508461538461539,0.9520567148636201
